mean_fit_time,mean_score_time,mean_test_score,mean_train_score,param_SVM__alpha,param_SVM__gamma_frac,param_SVM__n_iter,params,rank_test_score,split0_test_score,split0_train_score,split1_test_score,split1_train_score,split2_test_score,split2_train_score,split3_test_score,split3_train_score,split4_test_score,split4_train_score,std_fit_time,std_score_time,std_test_score,std_train_score
4.515024948120117,0.0038489341735839845,0.4715812042235492,0.5347127816681472,0.1,0.2,1214,"{'SVM__alpha': 0.10000000000000001, 'SVM__gamma_frac': 0.20000000000000001, 'SVM__n_iter': 1214}",105,0.47583100508632425,0.5249044066248367,0.4554588437567162,0.5358534337028961,0.4814277527043485,0.5387706678029259,0.4204847000315462,0.538079859457191,0.5249839868797996,0.5359555407528865,0.06301132632218386,0.000486469810977612,0.034056171001693954,0.005036931822401724
4.554005575180054,0.003965902328491211,0.4977203918841618,0.5238749284535952,0.1,0.4,1214,"{'SVM__alpha': 0.10000000000000001, 'SVM__gamma_frac': 0.40000000000000002, 'SVM__n_iter': 1214}",61,0.48671108245576333,0.5143745143745143,0.47071781646249733,0.5243975459029222,0.5333655705996132,0.5189836050051104,0.47309515856668316,0.521669821048109,0.5248678477662578,0.5399491559373195,0.10042369545655054,0.0005062700136164372,0.02632301680982104,0.008691367321869264
4.531226587295532,0.003585958480834961,0.5110006726466743,0.5214256079287282,0.1,0.6,1214,"{'SVM__alpha': 0.10000000000000001, 'SVM__gamma_frac': 0.60000000000000009, 'SVM__n_iter': 1214}",30,0.5164051866179525,0.5135989060720244,0.4701715738949782,0.524552110573616,0.5370907658141701,0.5154662143909456,0.49137579097775036,0.5282900495717331,0.540193518264342,0.5252207590353215,0.07125185908042968,0.0002858995513989843,0.026891151300029417,0.0057977647946856415
4.5465939998626705,0.0033349037170410157,0.5101593777249507,0.5240478089766901,0.1,0.8,1214,"{'SVM__alpha': 0.10000000000000001, 'SVM__gamma_frac': 0.80000000000000004, 'SVM__n_iter': 1214}",34,0.5239809441937101,0.5216084194578818,0.4769055806289849,0.5220707209954523,0.5312611934952362,0.5202145524726169,0.49046883408487807,0.5265151271846634,0.5282523057719967,0.5298302247728359,0.08340550203147333,0.00014566236504537125,0.022183802933186163,0.0035798699729168745
4.52188401222229,0.0033532142639160155,0.5053705628801365,0.5248175670989073,0.1,1.0,1214,"{'SVM__alpha': 0.10000000000000001, 'SVM__gamma_frac': 1.0, 'SVM__n_iter': 1214}",46,0.5018625976072785,0.5259250904412195,0.4765473887814313,0.520277213825601,0.5203184325524752,0.5158338276617846,0.4921134183228486,0.5274866303082468,0.5363315994584867,0.5345650732576844,0.0688103076581268,0.0001528405987728814,0.02095650314326772,0.006398230455448606
4.557656574249267,0.0034132003784179688,0.5060095746398733,0.5173279351847062,0.1,1.2,1214,"{'SVM__alpha': 0.10000000000000001, 'SVM__gamma_frac': 1.2, 'SVM__n_iter': 1214}",42,0.5111218568665378,0.513487508111164,0.46728812952217214,0.5209024348809296,0.5102174224514651,0.5192676698053043,0.5025700977936126,0.5198019296536753,0.5392995990267778,0.5131801334724577,0.14791393078251477,0.00014475766185669003,0.023064786021815442,0.0033049479953689213
4.625057554244995,0.0033866405487060548,0.49883276705791135,0.5151498009580266,0.1,1.4,1214,"{'SVM__alpha': 0.10000000000000001, 'SVM__gamma_frac': 1.4000000000000001, 'SVM__n_iter': 1214}",60,0.49062432839028586,0.505973715651135,0.46644637868042127,0.525004664789611,0.5210974998209041,0.5216850055559733,0.49911159976989716,0.5158351576333403,0.5171522220110603,0.5072504611600738,0.06956413310901034,9.340661816235628e-05,0.019759663902070363,0.007574919997615355
4.6715819358825685,0.003786945343017578,0.4934221393929411,0.5095686686973655,0.1,1.6,1214,"{'SVM__alpha': 0.10000000000000001, 'SVM__gamma_frac': 1.6000000000000001, 'SVM__n_iter': 1214}",67,0.48599469876065615,0.5017224909698028,0.4669299376746185,0.520039100684262,0.513163550397593,0.5177972167219479,0.4921946037224664,0.5041618494511848,0.509042427143236,0.5041226856596297,0.13225674650949648,0.0005388043956312144,0.01670579313220694,0.007717433240731792
4.780834150314331,0.0034229278564453123,0.4904626671972363,0.5124336036138345,0.1,1.8,1214,"{'SVM__alpha': 0.10000000000000001, 'SVM__gamma_frac': 1.8, 'SVM__n_iter': 1214}",72,0.48978257754853494,0.5040534933008052,0.4669299376746185,0.5260420583001227,0.49927466150870414,0.5156806554656017,0.48371188925383646,0.5037240776121695,0.5128738447677571,0.5126677333904738,0.07197453834282776,0.00010251204881304066,0.015347357758916477,0.008268860785638526
4.6540083408355715,0.0035073280334472655,0.4885993014960003,0.5079404505601263,0.1,2.0,1214,"{'SVM__alpha': 0.10000000000000001, 'SVM__gamma_frac': 2.0, 'SVM__n_iter': 1214}",74,0.48346944623540367,0.5016152704324748,0.46446736872268796,0.5262578918492897,0.5096711798839458,0.5051911449760912,0.4799240104659576,0.4999472426540815,0.5056274679561629,0.5066907028886943,0.14041519096829483,0.0002649829780702251,0.016851340901385705,0.00947152028024118
4.7485260486602785,0.0036571979522705077,0.4764908723615806,0.5411055012975108,0.0316227766017,0.2,1214,"{'SVM__alpha': 0.031622776601683791, 'SVM__gamma_frac': 0.20000000000000001, 'SVM__n_iter': 1214}",96,0.46922236549896124,0.5437250921121889,0.4618973422164912,0.5311621870761655,0.4820993624185114,0.5515897881489279,0.43275529328805495,0.5358727745145728,0.536933411228658,0.543177664635699,0.17000850212166377,0.000346461544571876,0.034117583372164154,0.007033168773867998
4.65079174041748,0.0038825035095214843,0.4926928302081743,0.5314093989995705,0.0316227766017,0.4,1214,"{'SVM__alpha': 0.031622776601683791, 'SVM__gamma_frac': 0.40000000000000002, 'SVM__n_iter': 1214}",68,0.5110591732932158,0.5255755793390202,0.44668314349165417,0.5235704160435343,0.535595314850634,0.5425052844407684,0.4511959769155114,0.5314123324644607,0.5189095593048546,0.5339833827100685,0.15469446486947017,0.00046641237678528026,0.03663320709717967,0.006711589678878803
4.629072999954223,0.0035016536712646484,0.5029604237502538,0.5414129050150749,0.0316227766017,0.6,1214,"{'SVM__alpha': 0.031622776601683791, 'SVM__gamma_frac': 0.60000000000000009, 'SVM__n_iter': 1214}",51,0.5155007522028798,0.5359634391892456,0.47997707572175663,0.5412534498556004,0.5085966043412852,0.5447527383011254,0.4720281504574216,0.5296460274939472,0.5389218536271771,0.5554488702354556,0.07916666302013214,0.0002322276268766016,0.0243046177074794,0.008675762979454126
4.694770431518554,0.003542184829711914,0.5128143164227251,0.5392409525518395,0.0316227766017,0.8,1214,"{'SVM__alpha': 0.031622776601683791, 'SVM__gamma_frac': 0.80000000000000004, 'SVM__n_iter': 1214}",26,0.5176051293072569,0.5316704402725908,0.4824396446736873,0.5367460098642894,0.5379325166559209,0.5406769654081482,0.4966482027872106,0.5362804827175942,0.5295321822656748,0.5508308644965747,0.15083824731434686,0.0002645240113632497,0.02059610446846592,0.006460494851543352
4.532455825805664,0.003659772872924805,0.5143464899127943,0.5319441758066008,0.0316227766017,1.0,1214,"{'SVM__alpha': 0.031622776601683791, 'SVM__gamma_frac': 1.0, 'SVM__n_iter': 1214}",23,0.5234973851995128,0.5325964358222423,0.47678021348234123,0.5350875727219814,0.5479708431836092,0.5282463454506465,0.49483428900146575,0.5267771886614546,0.5286687642094446,0.5370133363766793,0.09843643704129769,0.00022671475295222968,0.025378417587525782,0.003908311187210905
4.519432449340821,0.0034895420074462892,0.5142573210879365,0.5283656269106587,0.0316227766017,1.2,1214,"{'SVM__alpha': 0.031622776601683791, 'SVM__gamma_frac': 1.2, 'SVM__n_iter': 1214}",24,0.5256644458772118,0.5208926875593541,0.49228992048140985,0.5367919615231443,0.5421412708646751,0.5262161176139671,0.49557191634656406,0.5297069333415579,0.5154558870799343,0.5282204345152696,0.11452742671938551,0.00030991328159057696,0.01868595456999858,0.00516310975168384
4.475841951370239,0.003428030014038086,0.5093860499974823,0.5251106793552529,0.0316227766017,1.4,1214,"{'SVM__alpha': 0.031622776601683791, 'SVM__gamma_frac': 1.4000000000000001, 'SVM__n_iter': 1214}",36,0.5244645031879074,0.5121270605141572,0.463079375313418,0.5318055103001339,0.5404577691811735,0.5264987899396503,0.4912064614299763,0.5363546066558978,0.5278135580097276,0.5187674293664252,0.07776703166545061,0.00011770224690973625,0.028349562689553,0.008740534218786152
4.714105701446533,0.003935956954956054,0.5023873951400132,0.5214249475450513,0.0316227766017,1.6,1214,"{'SVM__alpha': 0.031622776601683791, 'SVM__gamma_frac': 1.6000000000000001, 'SVM__n_iter': 1214}",53,0.521160183394226,0.5034895411239497,0.45430367504835595,0.5360163532206543,0.5278941901282327,0.5306205144914823,0.49153584219413965,0.5224087070093766,0.5171522220110603,0.5145896218797941,0.18386188201979886,0.00043934365509266845,0.02707108789536516,0.011548470324507742
4.6201074600219725,0.0039656639099121095,0.5018393029582398,0.5208284719091403,0.0316227766017,1.8,1214,"{'SVM__alpha': 0.031622776601683791, 'SVM__gamma_frac': 1.8, 'SVM__n_iter': 1214}",54,0.5056504763951573,0.5133802875738359,0.46272118346586444,0.5418438590481601,0.5420785872913533,0.5257440687548215,0.49944098053406055,0.5154695102088694,0.49924450920079877,0.5077046339600142,0.20352091443988746,0.0012441802531766384,0.025265402928039,0.012018640787249754
4.612723112106323,0.003368520736694336,0.500075323020733,0.5203799612668846,0.0316227766017,2.0,1214,"{'SVM__alpha': 0.031622776601683791, 'SVM__gamma_frac': 2.0, 'SVM__n_iter': 1214}",57,0.49392864818396737,0.5124292274829909,0.46650906225374317,0.541284084294837,0.5374489576617236,0.5317665210138328,0.5104752361335335,0.5108237494655476,0.4919981323892046,0.505596224077214,0.14077980411314545,0.000122392924742045,0.023434752458336483,0.013709342357868219
4.3814613819122314,0.003397512435913086,0.4760726107918219,0.5712873051356143,0.01,0.2,1214,"{'SVM__alpha': 0.01, 'SVM__gamma_frac': 0.20000000000000001, 'SVM__n_iter': 1214}",98,0.4885199512859087,0.5772266363664214,0.45733039616018345,0.574917913627591,0.4632853356257612,0.5737579823601329,0.4356362151830613,0.5601253697858194,0.5360699931724279,0.5704086235381071,0.012115159018505265,0.0001240412292369667,0.03424872132493817,0.00599870155186616
4.532963562011719,0.003374147415161133,0.4967777488249127,0.5581864125064824,0.01,0.4,1214,"{'SVM__alpha': 0.01, 'SVM__gamma_frac': 0.40000000000000002, 'SVM__n_iter': 1214}",63,0.5266942474389283,0.5539778819348712,0.4652016620101727,0.5503978299677225,0.4891288774267499,0.5692435799962681,0.46075497782478786,0.5621643531734398,0.5424224507464578,0.5551484174601105,0.21369143540120455,0.0001788540731520308,0.03260236843186586,0.006718454082362246
4.540486764907837,0.004124212265014649,0.5037849627909118,0.5534400777408445,0.01,0.6,1214,"{'SVM__alpha': 0.01, 'SVM__gamma_frac': 0.60000000000000009, 'SVM__n_iter': 1214}",49,0.5316193853427896,0.5496389313593615,0.47938605917329324,0.5473107139773806,0.5133516011175587,0.5628368047722886,0.4645428566126666,0.5558975448980232,0.5300260667788171,0.5515163936971684,0.04732208617594444,0.0009246374208118725,0.0271405777228221,0.005478247858399683
4.673271512985229,0.003676033020019531,0.5112342892341826,0.5522017579177875,0.01,0.8,1214,"{'SVM__alpha': 0.01, 'SVM__gamma_frac': 0.80000000000000004, 'SVM__n_iter': 1214}",29,0.5479081596102873,0.5422616014013864,0.4843111970771546,0.546838665118235,0.5322283114836307,0.5649993176874898,0.46873898198148034,0.553838725526913,0.5227409769293757,0.5530704798549131,0.0906286735162771,0.0005526162415029903,0.029836102773392995,0.007678298675665544
4.555587291717529,0.003568267822265625,0.5095577652843521,0.545203340320085,0.01,1.0,1214,"{'SVM__alpha': 0.01, 'SVM__gamma_frac': 1.0, 'SVM__n_iter': 1214}",35,0.5356400888315782,0.5321814784180375,0.4846067053513862,0.5433017798609197,0.5482215774768967,0.5548133666413237,0.46346657017202014,0.5495291501986863,0.5154946001177816,0.5461909264814574,0.11719141034753826,0.0001706644488258264,0.031496996885804276,0.007552819116100913
4.328832817077637,0.003732919692993164,0.5102123267913119,0.5432159188415842,0.01,1.2,1214,"{'SVM__alpha': 0.01, 'SVM__gamma_frac': 1.2, 'SVM__n_iter': 1214}",33,0.5293896410917688,0.5357643153342078,0.4825023282470092,0.5474931281382894,0.5599434056880866,0.5535406449384944,0.4752384531165913,0.540975523758881,0.5035533876254362,0.5383059820380481,0.07359821500502613,0.0003340772312043397,0.03126485922074746,0.006473758301272977
4.510785245895386,0.0038895606994628906,0.5084910706853274,0.5411303706346979,0.01,1.4,1214,"{'SVM__alpha': 0.01, 'SVM__gamma_frac': 1.4000000000000001, 'SVM__n_iter': 1214}",38,0.5206139408267068,0.5350973200435566,0.48778565799842405,0.5523319770631598,0.5591016548463358,0.5450576902189805,0.49006058750394305,0.5397998568730277,0.4843657983214966,0.5333650089747651,0.08178997030949056,0.0007332019854756818,0.028519290934964615,0.006919084241575152
4.5239503383636475,0.0035120964050292967,0.5082806919959721,0.539664601049029,0.01,1.6,1214,"{'SVM__alpha': 0.01, 'SVM__gamma_frac': 1.6000000000000001, 'SVM__n_iter': 1214}",39,0.5159843111970772,0.53909232941491,0.4772010889032166,0.5584226605731982,0.5825453112687156,0.5317846231824727,0.4853657518231919,0.5344162010828678,0.47967096264074544,0.5346071909916961,0.07969655789986721,0.00022189500214500252,0.039762762949584064,0.009668603226999483
4.373324680328369,0.0033444881439208983,0.5126180741425345,0.5350511129502507,0.01,1.8,1214,"{'SVM__alpha': 0.01, 'SVM__gamma_frac': 1.8, 'SVM__n_iter': 1214}",27,0.5281896984024644,0.532139704182715,0.4864603481624758,0.557580213494192,0.5774321226448887,0.5310772461310096,0.4838812188016105,0.5274409420750885,0.48647037983355745,0.527017458868248,0.08371194002405163,0.00012962442555405413,0.0364727739417358,0.011439253371494214
4.462467908859253,0.0034058094024658203,0.5153814587354576,0.5343201416290192,0.01,2.0,1214,"{'SVM__alpha': 0.01, 'SVM__gamma_frac': 2.0, 'SVM__n_iter': 1214}",21,0.5235600687728348,0.5286418082117007,0.4780428397449674,0.5553174424142167,0.5921000788022066,0.5331715277951837,0.49145697637736807,0.5266669848209782,0.4911652155143087,0.5278029449030167,0.1193822608805566,0.0001166153016494385,0.04131055119224081,0.010728411687621332
4.24530177116394,0.0035562515258789062,0.4958605120588144,0.6282862893161832,0.00316227766017,0.2,1214,"{'SVM__alpha': 0.0031622776601683794, 'SVM__gamma_frac': 0.20000000000000001, 'SVM__n_iter': 1214}",64,0.5321029443369868,0.6303565013242434,0.4590138978436851,0.6267277127492181,0.4639390357475464,0.6240360595199305,0.49929948598044105,0.6326942448415429,0.5254086571737606,0.6276169281459812,0.0562976806778537,0.00041055712550345873,0.03028024551456829,0.0029885618040819246
4.399374485015869,0.003480672836303711,0.5042576178010288,0.5929910168770839,0.00316227766017,0.4,1214,"{'SVM__alpha': 0.0031622776601683794, 'SVM__gamma_frac': 0.40000000000000002, 'SVM__n_iter': 1214}",47,0.5506214628555054,0.590008159900633,0.4992298875277599,0.5835763201354599,0.49495844974568387,0.6022104140383711,0.455570710163484,0.6067027893904987,0.5206751084551622,0.5824574009204568,0.1649688115835973,0.00010926762757052823,0.03129907815553519,0.009813266582311957
4.536246204376221,0.0037651538848876955,0.5059703929021815,0.57837654233826,0.00316227766017,0.6,1214,"{'SVM__alpha': 0.0031622776601683794, 'SVM__gamma_frac': 0.60000000000000009, 'SVM__n_iter': 1214}",43,0.5593971631205674,0.573361127124568,0.5025342073214414,0.5685737997565955,0.5041550254316212,0.5851999454149992,0.4427225407782662,0.5934368870762942,0.520644607273828,0.5713109523188432,0.1821942612637298,0.0005645971720838543,0.03762330740148946,0.009429141290559613
4.641737937927246,0.003585147857666016,0.5163115328607224,0.5716669740527749,0.00316227766017,0.8,1214,"{'SVM__alpha': 0.0031622776601683794, 'SVM__gamma_frac': 0.80000000000000004, 'SVM__n_iter': 1214}",20,0.5631850419084462,0.5577111060982028,0.5132889175442367,0.5628549069409284,0.5323536786302744,0.5907712359325262,0.4578740559297814,0.5768842100740714,0.5142616485184639,0.5701134112181458,0.05705826434721391,0.00024075877854879137,0.03428729894806443,0.011550105699103464
4.620548725128174,0.0036058902740478517,0.5093719900331529,0.5679529151042049,0.00316227766017,1.0,1214,"{'SVM__alpha': 0.0031622776601683794, 'SVM__gamma_frac': 1.0, 'SVM__n_iter': 1214}",37,0.5430457052797478,0.5500246467988403,0.5128053585500394,0.5660297488254477,0.5201482914248872,0.5878818513227115,0.4578740559297814,0.5746999692480325,0.5125348124060037,0.561128359325992,0.13779424198976256,0.000385837152558091,0.027989393635437846,0.012762297386880415
4.536246585845947,0.0034606456756591797,0.5177813192990474,0.5664321264646583,0.00316227766017,1.2,1214,"{'SVM__alpha': 0.0031622776601683794, 'SVM__gamma_frac': 1.2, 'SVM__n_iter': 1214}",18,0.5496543448671108,0.5445201950578294,0.5295150082384126,0.5870588988868559,0.5460545167991978,0.5813232963770598,0.4516946872274489,0.5541805202254748,0.5112549359123256,0.565077721776072,0.09912700714466395,0.00023317619821280785,0.035639430763571886,0.015995497412679492
4.479152536392212,0.003623199462890625,0.5182548749957699,0.5662972172751989,0.00316227766017,1.4,1214,"{'SVM__alpha': 0.0031622776601683794, 'SVM__gamma_frac': 1.4000000000000001, 'SVM__n_iter': 1214}",16,0.5592091124006018,0.5629830145959178,0.5096711798839458,0.5837587342963687,0.5449172576832152,0.58017868232922,0.45712715025329825,0.5479355474573074,0.5197811892175979,0.5566301076971809,0.18430376605312615,0.0005629657385145915,0.03519809511405581,0.013705382258227159
4.2590686798095705,0.003444957733154297,0.5276500445017229,0.562190875489035,0.00316227766017,1.6,1214,"{'SVM__alpha': 0.0031622776601683794, 'SVM__gamma_frac': 1.6000000000000001, 'SVM__n_iter': 1214}",6,0.5529586646607924,0.5533749404717146,0.5432158464073358,0.5833911210255297,0.5615642237982664,0.5779367983669059,0.4506184007868024,0.5414930288196669,0.5291708605791002,0.5547584887613582,0.04767042374013853,8.679109589164891e-05,0.03987535639828006,0.01586660920002479
4.5666059970855715,0.0035908699035644533,0.5248322024667312,0.5621585503841062,0.00316227766017,1.8,1214,"{'SVM__alpha': 0.0031622776601683794, 'SVM__gamma_frac': 1.8, 'SVM__n_iter': 1214}",10,0.5491707858729137,0.5603498452960819,0.5334730281538793,0.5851247517914185,0.5812200014327675,0.572670459767234,0.44683052199892365,0.5439108777224512,0.5125348124060037,0.5487368173433453,0.0961843678031168,0.00041932825990554425,0.04487710276213289,0.015194331412998295
4.444558811187744,0.0034054279327392577,0.5280939595616555,0.552620159513084,0.00316227766017,2.0,1214,"{'SVM__alpha': 0.0031622776601683794, 'SVM__gamma_frac': 2.0, 'SVM__n_iter': 1214}",5,0.5382907085034745,0.5556015072144105,0.5195841392649904,0.5756044035613929,0.5836825703846982,0.5676380568853687,0.48660208948022765,0.525240475025267,0.5116713943497736,0.5390163548789805,0.07704684741476944,9.962697405410038e-05,0.032442692306711346,0.01842504693751505
4.473469543457031,0.00366358757019043,0.5242341402721846,0.6988227957376651,0.001,0.2,1214,"{'SVM__alpha': 0.001, 'SVM__gamma_frac': 0.20000000000000001, 'SVM__n_iter': 1214}",11,0.553146715380758,0.6908623037655295,0.5003044630704205,0.7018544975534223,0.49664195142918555,0.711443077034475,0.5161837295180833,0.6977312854883396,0.5552657943328806,0.6922228148465595,0.12561118334714352,0.000246399593095464,0.025292440400365483,0.00743751693424697
4.39215784072876,0.003514003753662109,0.5152596607148046,0.6456665464487968,0.001,0.4,1214,"{'SVM__alpha': 0.001, 'SVM__gamma_frac': 0.40000000000000002, 'SVM__n_iter': 1214}",22,0.5628895336342145,0.6446864565144136,0.5214109176875135,0.6478835779911049,0.49411669890393306,0.6629571145700177,0.4794531351481748,0.6445508721931488,0.5181235673243191,0.6282547109752992,0.15043438067827464,0.0002570374944522006,0.028463449264433758,0.011038625772210191
4.538426923751831,0.003864765167236328,0.5187782913805764,0.6167082270291493,0.001,0.6,1214,"{'SVM__alpha': 0.001, 'SVM__gamma_frac': 0.60000000000000009, 'SVM__n_iter': 1214}",15,0.561752274518232,0.6054089279895731,0.5230944193710152,0.6255872761249105,0.5205064832724408,0.6262166746037714,0.45680704782051973,0.6196477239040606,0.5313141551290084,0.6066805325234307,0.12028288966442795,0.0005564584011915782,0.034219476755698655,0.009012408622423577
4.314710569381714,0.0033981800079345703,0.522646720511036,0.6017197743780371,0.001,0.8,1214,"{'SVM__alpha': 0.001, 'SVM__gamma_frac': 0.80000000000000004, 'SVM__n_iter': 1214}",12,0.5487678200444158,0.6057765412604122,0.5279568737015546,0.6062917568293913,0.5369206246865823,0.6174969992174293,0.45894106403904306,0.5818310849396455,0.5402873680530628,0.5972024896433075,0.1565185438209074,0.00015474522933835288,0.0324517267263727,0.01185113525074767
4.195622777938842,0.0034513950347900392,0.5338497651795687,0.5931790610202119,0.001,1.0,1214,"{'SVM__alpha': 0.001, 'SVM__gamma_frac': 1.0, 'SVM__n_iter': 1214}",1,0.5752202879862455,0.5879208406090126,0.549484203739523,0.6038883458238297,0.5292821835375028,0.6102881586752554,0.466018111302863,0.5709042892208842,0.548805409501822,0.5928936707720782,0.05351507413239568,0.00018480546136450066,0.03684212870000581,0.013647752868318075
4.391773462295532,0.004101896286010742,0.5270847058598921,0.5786763312765688,0.001,1.2,1214,"{'SVM__alpha': 0.001, 'SVM__gamma_frac': 1.2, 'SVM__n_iter': 1214}",8,0.5655401533061108,0.580019940234994,0.5402249444802637,0.5984925070946576,0.537153449387492,0.5964762040030858,0.4444390320844698,0.5290894343978993,0.5475642460459912,0.5893035706522077,0.09110989654720576,0.0006003426709950224,0.04236476398902052,0.025624676142225484
4.2177752494812015,0.0034250259399414063,0.5294615751539764,0.5659313510011972,0.001,1.4,1214,"{'SVM__alpha': 0.001, 'SVM__gamma_frac': 1.4000000000000001, 'SVM__n_iter': 1214}",3,0.5723368436134394,0.5683175844466166,0.5326491869045061,0.5870533289888128,0.5348162475822051,0.5881408515817118,0.44509779361279644,0.5038795450081917,0.5620652115256926,0.582265444980653,0.08494012780240587,0.00013427082433371275,0.04476965246317563,0.031819249624478976
4.243689727783203,0.0036106109619140625,0.5290136914559769,0.5627782417330751,0.001,1.6,1214,"{'SVM__alpha': 0.001, 'SVM__gamma_frac': 1.6000000000000001, 'SVM__n_iter': 1214}",4,0.5484096281968622,0.5546309524804148,0.5275359982806792,0.5804279352666449,0.5610806648040692,0.5885544165114058,0.4494632485293843,0.5050267584939991,0.5582337939011716,0.5852511459129106,0.053781399493215594,0.0005803653006578545,0.04136806345867573,0.031249212562200167
4.136123180389404,0.003373527526855469,0.5315843030923175,0.5649122792723054,0.001,1.8,1214,"{'SVM__alpha': 0.001, 'SVM__gamma_frac': 1.8, 'SVM__n_iter': 1214}",2,0.5495468873128448,0.5619762555246426,0.5384160756501183,0.5738471007288212,0.5482842610502185,0.5918058444940165,0.4639560021525727,0.5078986054595811,0.5574395900641229,0.5890335901544653,0.07068857346116875,7.325646638761137e-05,0.03424836827202054,0.03047658694978365
4.243209266662598,0.003484773635864258,0.5271740214346441,0.558321300165957,0.001,2.0,1214,"{'SVM__alpha': 0.001, 'SVM__gamma_frac': 2.0, 'SVM__n_iter': 1214}",7,0.5510423382763808,0.5607536629042005,0.5277240490006448,0.5624399495367237,0.5444963822623398,0.5888719006998576,0.4574472526860768,0.499381041227048,0.5548880489332799,0.580159946461955,0.009542485294906108,0.00026992792527913656,0.03598087944703548,0.031327621837410606
4.055081748962403,0.0033678054809570313,0.5125880192410597,0.7408166525739341,0.000316227766017,0.2,1214,"{'SVM__alpha': 0.00031622776601683794, 'SVM__gamma_frac': 0.20000000000000001, 'SVM__n_iter': 1214}",28,0.5191811734364926,0.7489298833384854,0.4956748334407909,0.743236055064012,0.49074969553692965,0.7467576231017091,0.5017698417116664,0.736339098845077,0.5560904993512634,0.7288206025203874,0.08226615062354506,8.604124521730414e-05,0.023668163557890275,0.007361071347864376
4.085307598114014,0.003447151184082031,0.5212883175630906,0.6747892374347343,0.000316227766017,0.4,1214,"{'SVM__alpha': 0.00031622776601683794, 'SVM__gamma_frac': 0.40000000000000002, 'SVM__n_iter': 1214}",13,0.5515885808439001,0.6762872730614666,0.5164230962103302,0.6791432382830231,0.5113099075865034,0.6842369100433617,0.4871889439403216,0.6779573403198464,0.5398709096156149,0.6563214254659736,0.15335082013119183,0.0001711416722127784,0.02256316923177697,0.009607881209193056
4.043355989456177,0.00386962890625,0.5206954507523222,0.6307921171894654,0.000316227766017,0.6,1214,"{'SVM__alpha': 0.00031622776601683794, 'SVM__gamma_frac': 0.60000000000000009, 'SVM__n_iter': 1214}",14,0.5215541944265348,0.6020307848264839,0.5340371803137761,0.6505376344086022,0.5164230962103303,0.6497202518707894,0.4810095752379891,0.6219659859066842,0.5505017444329479,0.6297059289347668,0.09004767303567036,0.0004377804684228475,0.023000267232890524,0.018190406099947265
4.030901336669922,0.003369712829589844,0.5178193242403181,0.6019479354578128,0.000316227766017,0.8,1214,"{'SVM__alpha': 0.00031622776601683794, 'SVM__gamma_frac': 0.80000000000000004, 'SVM__n_iter': 1214}",17,0.5199333763163551,0.5762950709187269,0.5155813453685795,0.6226059881973861,0.5161275879360987,0.6250052217794153,0.4620516246358253,0.5544115094569424,0.575702758949164,0.6314218869365928,0.08466895877220007,0.00013765113543883886,0.03584773816987431,0.030805482198069063
4.008027219772339,0.0033602237701416014,0.5269750337890599,0.5887178454068428,0.000316227766017,1.0,1214,"{'SVM__alpha': 0.00031622776601683794, 'SVM__gamma_frac': 1.0, 'SVM__n_iter': 1214}",9,0.5411472884877141,0.5962269510656607,0.5361415574181532,0.5895124389748045,0.5418457625904436,0.6266915084119385,0.46238100539998866,0.5198654189567629,0.5531142879264594,0.6112929096250473,0.1118564179118164,8.771489190532386e-05,0.03267180473695971,0.036740460751813774
4.04424786567688,0.003486776351928711,0.5177743533185929,0.5731797532133264,0.000316227766017,1.2,1214,"{'SVM__alpha': 0.00031622776601683794, 'SVM__gamma_frac': 1.2, 'SVM__n_iter': 1214}",19,0.5424725983236621,0.5797734722465906,0.5550182677842254,0.607063187708349,0.5090980729278602,0.5939975993739435,0.4049782887045592,0.4713231399027669,0.5770741389868447,0.6137413668349823,0.0837943286422941,0.00029382567171675996,0.06037543357305031,0.052239757191864085
3.9428096294403074,0.003352975845336914,0.5103482386116858,0.5602923767471136,0.000316227766017,1.4,1214,"{'SVM__alpha': 0.00031622776601683794, 'SVM__gamma_frac': 1.4000000000000001, 'SVM__n_iter': 1214}",32,0.5385593523891397,0.5724184218807875,0.5384966688158178,0.557421471399966,0.5043878501325311,0.6134657855087963,0.40530766946872254,0.45176758519656657,0.5647633929514116,0.6063886197494519,0.031537450216613125,7.668434038927804e-05,0.05575631123129428,0.05811228522000055
4.002907848358154,0.0035409450531005858,0.5018295211602819,0.5373066208372282,0.000316227766017,1.6,1214,"{'SVM__alpha': 0.00031622776601683794, 'SVM__gamma_frac': 1.6000000000000001, 'SVM__n_iter': 1214}",55,0.5476305609284333,0.5717737061823084,0.5215989684074791,0.5702057798831992,0.46984920123218005,0.5392775285248403,0.4006128337879713,0.41933922039134863,0.5694582286321629,0.5859368692044445,0.08544321543956916,0.0003329506844025591,0.060419658706507326,0.06091867979437158
3.9966611862182617,0.0034081459045410155,0.504051430058862,0.5461669260994519,0.000316227766017,1.8,1214,"{'SVM__alpha': 0.00031622776601683794, 'SVM__gamma_frac': 1.8, 'SVM__n_iter': 1214}",48,0.4814635718891039,0.5192760246523688,0.558197220431263,0.5600240062605654,0.5085339207679634,0.6020279998774622,0.43479188702703675,0.47304777338254145,0.5370800515235341,0.5764588263243213,0.21017658296820038,0.0001429884614290448,0.04320364329611053,0.045386360347868596
4.073643732070923,0.003517770767211914,0.5128341775003615,0.5461004389341657,0.000316227766017,2.0,1214,"{'SVM__alpha': 0.00031622776601683794, 'SVM__gamma_frac': 2.0, 'SVM__n_iter': 1214}",25,0.5464127086467512,0.5797094184190958,0.4989522888459059,0.525265057523122,0.5042356185973208,0.5482798762368655,0.4716013472137169,0.49600991494822205,0.5430078388036029,0.5812379275435229,0.12462723647526472,0.000414499805104673,0.02826457585580781,0.03259487771560931
3.82817964553833,0.003385019302368164,0.5068377255936585,0.7673851846593898,0.0001,0.2,1214,"{'SVM__alpha': 0.0001, 'SVM__gamma_frac': 0.20000000000000001, 'SVM__n_iter': 1214}",40,0.5292821835375027,0.7741378494066666,0.5096264059030017,0.7714058144165671,0.49502113331900566,0.7660963091070618,0.4586998274230361,0.7661510602687073,0.5415977457280751,0.7591348900979459,0.06926931693269514,0.00013464030606007228,0.028833522205164715,0.005157820632497259
4.065032005310059,0.0033693790435791017,0.49067517995931714,0.6673960103460188,0.0001,0.4,1214,"{'SVM__alpha': 0.0001, 'SVM__gamma_frac': 0.40000000000000002, 'SVM__n_iter': 1214}",71,0.5020685579196218,0.662955722095507,0.5114979583064689,0.6793326148164858,0.47892040977147365,0.6938797960303337,0.4711211935645492,0.663270926781209,0.4895627303719033,0.6375409920065588,0.161738155905361,0.0001058019241176675,0.014742491473496488,0.01882513226870337
3.8771745681762697,0.0035445690155029297,0.4831486968618433,0.6160746559928538,0.0001,0.6,1214,"{'SVM__alpha': 0.0001, 'SVM__gamma_frac': 0.60000000000000009, 'SVM__n_iter': 1214}",84,0.5131993695823484,0.6034302217097917,0.5097517730496455,0.6574192434407488,0.45817214700193437,0.6576434318369803,0.4240058267921096,0.5423487011244066,0.5104384427504559,0.6195316818523419,0.10486424776533834,0.00029369240194620214,0.035955086171276796,0.04253160519851567
3.832223892211914,0.0033161163330078123,0.48629887720058734,0.5826229676417116,0.0001,0.8,1214,"{'SVM__alpha': 0.0001, 'SVM__gamma_frac': 0.80000000000000004, 'SVM__n_iter': 1214}",78,0.511220359624615,0.5852709616150475,0.5338491295938106,0.651517936464173,0.441587864460205,0.5899733480378642,0.38710590287442687,0.4459736023581074,0.5578091236072106,0.6403789897333657,0.0727722987490599,0.00010322168758962104,0.06286561373106012,0.07323436872584131
3.7833758354187013,0.00354156494140625,0.4900909319777991,0.5745208605373521,0.0001,1.0,1214,"{'SVM__alpha': 0.0001, 'SVM__gamma_frac': 1.0, 'SVM__n_iter': 1214}",73,0.5204617092914965,0.573632659654165,0.5113099075865034,0.6136300975010652,0.47816820689161127,0.6326429444709015,0.3975625823451908,0.4244968769119894,0.5428224854708796,0.6282017241486396,0.04724577037283402,0.0003529806058124632,0.050587921482985625,0.07784257027918345
3.7720808029174804,0.0035960197448730467,0.49408988660212255,0.5372480065220457,0.0001,1.2,1214,"{'SVM__alpha': 0.0001, 'SVM__gamma_frac': 1.2, 'SVM__n_iter': 1214}",66,0.5126531270148292,0.5406003793100567,0.5247958306468945,0.5443684153361573,0.5075399383910023,0.5724198143552982,0.38776466440275364,0.4090751871717917,0.5372947329152327,0.6197762364369251,0.12380504515294853,0.00036380323406519783,0.05398924066213557,0.07005451455020606
3.96907525062561,0.0037341594696044924,0.4946715897638791,0.5333204522841176,0.0001,1.4,1214,"{'SVM__alpha': 0.0001, 'SVM__gamma_frac': 1.4000000000000001, 'SVM__n_iter': 1214}",65,0.4889139623182177,0.4976341858062288,0.5498871695680208,0.5970220540113014,0.4822247295651552,0.5554385876966522,0.4025867987901054,0.40567160844540096,0.549652403845026,0.6108358254610048,0.11611208150058867,0.0003747071342641171,0.0541932370264471,0.07499796797777923
4.029164981842041,0.0039523601531982425,0.4916002479318003,0.530732979301441,0.0001,1.6,1214,"{'SVM__alpha': 0.0001, 'SVM__gamma_frac': 1.6000000000000001, 'SVM__n_iter': 1214}",69,0.5035192349022137,0.5380145541435863,0.538541442796762,0.5902699451086547,0.5185453829070852,0.5872301732516786,0.3657773386034254,0.36857463878028207,0.5309727765225369,0.5695755852230028,0.052309452365021734,0.00042603334986286826,0.0638375868804181,0.08317893962935058
3.9564077377319338,0.0036497592926025392,0.5055595157759392,0.5424550002176274,0.0001,1.8,1214,"{'SVM__alpha': 0.0001, 'SVM__gamma_frac': 1.8, 'SVM__n_iter': 1214}",44,0.5292374095565585,0.5462315462315462,0.5211780929866037,0.5431973442726131,0.5162529550827424,0.5730338956145408,0.4293478260869563,0.4758276599500894,0.5314197361413192,0.573984555019347,0.09934053014329597,0.0005381092520251025,0.03838144799800252,0.03573009240208459
3.7849332809448244,0.003488969802856445,0.49110659615405255,0.5288059086963957,0.0001,2.0,1214,"{'SVM__alpha': 0.0001, 'SVM__gamma_frac': 2.0, 'SVM__n_iter': 1214}",70,0.5533168565083458,0.5890654546568526,0.4762250161186332,0.49364335385840763,0.4382208610932016,0.5186911853578521,0.44598387426005276,0.47343826444735104,0.5420892839964995,0.5691912851615147,0.12699808720020328,9.987745564222841e-05,0.04800436131588585,0.043969262973646416
3.4521564483642577,0.003368377685546875,0.4865179635294967,0.7852797995757068,3.16227766017e-05,0.2,1214,"{'SVM__alpha': 3.1622776601683795e-05, 'SVM__gamma_frac': 0.20000000000000001, 'SVM__n_iter': 1214}",77,0.4878662511641235,0.785810963230318,0.500725338491296,0.7918946843678026,0.44741743677913903,0.7976706686384106,0.4622395108463693,0.781345742130056,0.534806540391776,0.7696769395119467,0.02482029759441414,0.00012655648050864259,0.030452122090122758,0.009555087879498663
3.6498055934906004,0.0034780979156494142,0.4763837257328753,0.6610863877639883,3.16227766017e-05,0.4,1214,"{'SVM__alpha': 3.1622776601683795e-05, 'SVM__gamma_frac': 0.40000000000000002, 'SVM__n_iter': 1214}",97,0.4725625044773981,0.6440542730865311,0.5364370656923849,0.7107092429673074,0.4528888172505195,0.695717862384529,0.3966741821150882,0.5718158597163858,0.5232653626238525,0.6831347006651883,0.17148203587836536,5.4769973480636064e-05,0.05038371004010126,0.04981408435973865
3.6801705360412598,0.0035786151885986326,0.4680469000963852,0.600781266546605,3.16227766017e-05,0.6,1214,"{'SVM__alpha': 3.1622776601683795e-05, 'SVM__gamma_frac': 0.60000000000000009, 'SVM__n_iter': 1214}",108,0.4917974066910237,0.6244593717711997,0.5218944766817107,0.6504721881065968,0.45918403897127313,0.643970724615886,0.37261314925123845,0.4894313402204364,0.4942024293017811,0.595572708018906,0.0787912053917111,0.0003742642091837735,0.051575677417663,0.05885763300644371
3.690211296081543,0.0037393093109130858,0.4802782521043182,0.5669980627785584,3.16227766017e-05,0.8,1214,"{'SVM__alpha': 3.1622776601683795e-05, 'SVM__gamma_frac': 0.80000000000000004, 'SVM__n_iter': 1214}",90,0.5065280464216634,0.5844758586694071,0.5341625474604199,0.6074823225360859,0.4404506053442225,0.5891893848883096,0.3871059028744268,0.4660410528416268,0.5330081438154163,0.5878016949573621,0.11010766995933348,0.00047763108440126544,0.05761309340188748,0.0511116667337948
3.9143332481384276,0.004015207290649414,0.46310416459471543,0.5155980972957724,3.16227766017e-05,1.0,1214,"{'SVM__alpha': 3.1622776601683795e-05, 'SVM__gamma_frac': 1.0, 'SVM__n_iter': 1214}",123,0.5035640088831579,0.5609416469631523,0.4310212049573752,0.46492913697214777,0.4747743391360414,0.5597441188839039,0.37615283267457156,0.40456806597409184,0.530139859647641,0.5878075176855664,0.024067231762134583,0.00047599885684883737,0.05438768356704864,0.06944655572034991
3.7168238162994385,0.003360557556152344,0.4795940333504593,0.5486949118375469,3.16227766017e-05,1.2,1214,"{'SVM__alpha': 3.1622776601683795e-05, 'SVM__gamma_frac': 1.2, 'SVM__n_iter': 1214}",92,0.5057310695608569,0.5467161273612886,0.5298911096783437,0.5771584051153944,0.46435991116842185,0.5832393413038575,0.38274044795783907,0.4528645097750789,0.5148224010060698,0.5834961756321154,0.12706050746255276,0.0001089390190547165,0.05296378276671887,0.04980360943925223
3.871092367172241,0.003417205810546875,0.4756902176006615,0.5191377712087628,3.16227766017e-05,1.4,1214,"{'SVM__alpha': 3.1622776601683795e-05, 'SVM__gamma_frac': 1.4000000000000001, 'SVM__n_iter': 1214}",99,0.5176409484920124,0.588887217919476,0.4339673329035032,0.4540887229059273,0.4914302600472814,0.5711039259426356,0.43091354450815544,0.47321125656850194,0.5044836736561298,0.5083977327072736,0.11260257831174693,8.584703183870534e-05,0.036284541279548985,0.05295552551603207
3.910051870346069,0.0038526058197021484,0.485280446787668,0.5436144110409589,3.16227766017e-05,1.6,1214,"{'SVM__alpha': 3.1622776601683795e-05, 'SVM__gamma_frac': 1.6000000000000001, 'SVM__n_iter': 1214}",81,0.5050146858657497,0.5878748889501578,0.4366806361487213,0.45557310073439106,0.523157102944337,0.5986415018673084,0.4328063241106717,0.489444982988742,0.528868195010476,0.5865375806641947,0.05966070891085839,0.000669732972961251,0.04201893976250522,0.05918609359650077
3.8381186008453367,0.0035590648651123045,0.47312940501676687,0.5011807859813329,3.16227766017e-05,1.8,1214,"{'SVM__alpha': 3.1622776601683795e-05, 'SVM__gamma_frac': 1.8, 'SVM__n_iter': 1214}",102,0.5681728633856294,0.5943944546095083,0.4147951142631994,0.43763663656136775,0.5197274160040118,0.6032867968351839,0.3802700922266138,0.37915302190768485,0.48191162634645124,0.49143301999291955,0.08384583185128788,0.00018524386539795236,0.0683166238326264,0.08733622220327106
3.752308464050293,0.0033913135528564455,0.4633457074229533,0.4873549813250103,3.16227766017e-05,2.0,1214,"{'SVM__alpha': 3.1622776601683795e-05, 'SVM__gamma_frac': 2.0, 'SVM__n_iter': 1214}",120,0.5587434629987822,0.5576609770158157,0.4445966759796548,0.46169720363268746,0.4716401604699478,0.5565428199836802,0.37648221343873495,0.38474845026734084,0.46444266129845885,0.4761254557255275,0.10705462288898594,0.00011258441374501208,0.05844160388443419,0.0648728202952828
3.3629098415374754,0.0036293983459472655,0.466342357882736,0.780482411490206,1e-05,0.2,1214,"{'SVM__alpha': 1.0000000000000001e-05, 'SVM__gamma_frac': 0.20000000000000001, 'SVM__n_iter': 1214}",112,0.43954617092914966,0.7635884625131938,0.4731982950068056,0.777720686322837,0.46263163550397596,0.785687032998861,0.4369606969882535,0.8218234464049864,0.5198668271498055,0.7535924292111523,0.048970482806095623,0.0004753776003841917,0.02992903424228508,0.023461769062793358
3.5981160163879395,0.0036626338958740236,0.46185136415160055,0.6269237555831599,1e-05,0.4,1214,"{'SVM__alpha': 1.0000000000000001e-05, 'SVM__gamma_frac': 0.40000000000000002, 'SVM__n_iter': 1214}",127,0.4702073930797336,0.6159833794242396,0.49693745970341724,0.6788647433808724,0.42626620818110184,0.6038939157218728,0.37154614114197687,0.5330561710284332,0.5446267476590344,0.7028205683603818,0.12746631235741485,0.000739443780978718,0.059127507112114265,0.059865484526255626
3.568116617202759,0.0033911705017089845,0.47953658697267154,0.5768438374211388,1e-05,0.6,1214,"{'SVM__alpha': 1.0000000000000001e-05, 'SVM__gamma_frac': 0.60000000000000009, 'SVM__n_iter': 1214}",93,0.558197220431263,0.6320984869371965,0.513163550397593,0.5912739192309084,0.4663836951070995,0.6114522673662459,0.3457709365547698,0.4604929052561765,0.5133653830361816,0.5889016083151665,0.07634896205536741,0.00015554349163517022,0.07275616474910106,0.06023616228152808
3.6715167999267577,0.0037406444549560546,0.4302249568395273,0.5186225411627867,1e-05,0.8,1214,"{'SVM__alpha': 1.0000000000000001e-05, 'SVM__gamma_frac': 0.80000000000000004, 'SVM__n_iter': 1214}",164,0.426812450748621,0.5150999935946172,0.3976645891539509,0.4799274799274799,0.4654344867110825,0.6461541246487484,0.3587791571563768,0.4067294626835517,0.5027955505815168,0.5452016449595359,0.09470330052540003,0.0007126458490104398,0.050235123216200155,0.07874075267866011
3.699499416351318,0.0035152435302734375,0.434887020348337,0.4868608700357863,1e-05,1.0,1214,"{'SVM__alpha': 1.0000000000000001e-05, 'SVM__gamma_frac': 1.0, 'SVM__n_iter': 1214}",161,0.46252417794970985,0.5387121838734742,0.4273586933161402,0.4741041515235064,0.44760548749910456,0.5202925310452192,0.33333333333333315,0.35037607060562587,0.5036284674564127,0.5508194131311062,0.05956340668852025,0.0002145721117160339,0.056443976300578375,0.07305855772202542
3.7680131912231447,0.003493499755859375,0.44840790104400163,0.48473910867271036,1e-05,1.2,1214,"{'SVM__alpha': 1.0000000000000001e-05, 'SVM__gamma_frac': 1.2, 'SVM__n_iter': 1214}",142,0.4773175012536715,0.5256382406920042,0.43139730639730645,0.4687765440453613,0.47231177018411064,0.5554274479005661,0.35507246376811574,0.35518331501114864,0.5058714774068365,0.518669995714472,0.11447354059058723,0.00013035191261907974,0.052237868554644414,0.07051296694782354
3.5881371021270754,0.003396272659301758,0.4871413637592775,0.5276036014671064,1e-05,1.4,1214,"{'SVM__alpha': 1.0000000000000001e-05, 'SVM__gamma_frac': 1.4000000000000001, 'SVM__n_iter': 1214}",76,0.47984275377892405,0.5069916145184963,0.5421860448456194,0.5880503407385128,0.45945268285693835,0.5089619659512132,0.43000658761528304,0.4746073134404077,0.5242038605110592,0.5594067726869018,0.050413158698971554,0.0001346000740492063,0.041176126229826346,0.040610887982084065
3.6155292987823486,0.0033789157867431642,0.4861472745371095,0.5292958956146812,1e-05,1.6,1214,"{'SVM__alpha': 1.0000000000000001e-05, 'SVM__gamma_frac': 1.6000000000000001, 'SVM__n_iter': 1214}",79,0.5425173723046065,0.5971000325839035,0.5148470520810947,0.5693187736198488,0.45825274016763384,0.5158018007480373,0.39789196310935415,0.39434110357113716,0.516819055261102,0.5699177675504792,0.03476499816899825,8.623233175135029e-05,0.05193338984044427,0.07244895406465461
3.5943878650665284,0.00341033935546875,0.48241054314662746,0.5170936450266258,1e-05,1.8,1214,"{'SVM__alpha': 1.0000000000000001e-05, 'SVM__gamma_frac': 1.8, 'SVM__n_iter': 1214}",85,0.5381205673758865,0.6025251132778014,0.5377623755283331,0.5802761555449728,0.45223511712873427,0.49903640763855817,0.3440382081686427,0.34813393206506554,0.5393852369589854,0.5554966166067313,0.02894740774466666,1.2413345231962188e-05,0.07665625174038178,0.09125656366013013
3.6239603996276855,0.0033560276031494142,0.49699240683721735,0.5110289542266641,1e-05,2.0,1214,"{'SVM__alpha': 1.0000000000000001e-05, 'SVM__gamma_frac': 2.0, 'SVM__n_iter': 1214}",62,0.5636686009026435,0.5582973378672303,0.49104520381116135,0.5178557006513995,0.5573554695895122,0.6097506635141043,0.3871870882740446,0.386049538608123,0.48446316747729434,0.48319153049246316,0.043537317505387876,0.00017516912690373394,0.06374693672997742,0.07539450501446739
3.2223276615142824,0.0033454418182373045,0.46445937364483497,0.7594247355403076,3.16227766017e-06,0.2,1214,"{'SVM__alpha': 3.1622776601683792e-06, 'SVM__gamma_frac': 0.20000000000000001, 'SVM__n_iter': 1214}",115,0.4709237767748406,0.781898109855099,0.45143814026792756,0.7587245490471296,0.4475428039257827,0.7658888304049594,0.4562990591771973,0.7384511798667707,0.4964782866782572,0.7521610085275794,0.02026728933826866,0.00010209777297102023,0.017784550747531595,0.014422060215819116
3.3856539726257324,0.003506040573120117,0.45455771661126304,0.6263049032828503,3.16227766017e-06,0.4,1214,"{'SVM__alpha': 3.1622776601683792e-06, 'SVM__gamma_frac': 0.40000000000000002, 'SVM__n_iter': 1214}",137,0.4872125510423383,0.6573231626995069,0.459685507557848,0.6633887816683516,0.4377373020990043,0.657598872652636,0.36026369017795823,0.48419193325936516,0.5280434899920932,0.6690217661343917,0.03407049748237183,0.00025651297922023547,0.05581786074530026,0.07118635486248769
3.506121826171875,0.003397512435913086,0.476807215529917,0.5766406968557891,3.16227766017e-06,0.6,1214,"{'SVM__alpha': 3.1622776601683792e-06, 'SVM__gamma_frac': 0.60000000000000009, 'SVM__n_iter': 1214}",95,0.5804857081452827,0.6608238436195426,0.49135862167777067,0.553826102213199,0.43129880363922923,0.6245122858026084,0.3685770750988141,0.4447532558484256,0.5117769753620843,0.5992879967951704,0.06830144561480497,0.00014947733769348572,0.07205992325404927,0.0745737141975129
3.544325351715088,0.003371858596801758,0.454767753411267,0.5413250820772111,3.16227766017e-06,0.8,1214,"{'SVM__alpha': 3.1622776601683792e-06, 'SVM__gamma_frac': 0.80000000000000004, 'SVM__n_iter': 1214}",136,0.46692098287842976,0.5744305475488272,0.4553066122215058,0.5185783949224809,0.3968676122931444,0.46616426186318655,0.4347014232960343,0.5095911580847019,0.520805325037012,0.6378610479668585,0.06353626589288051,4.349126088880024e-05,0.04058752126401064,0.05931065192368394
3.549459171295166,0.0033962249755859373,0.45939577277858007,0.5339089367923581,3.16227766017e-06,1.0,1214,"{'SVM__alpha': 3.1622776601683792e-06, 'SVM__gamma_frac': 1.0, 'SVM__n_iter': 1214}",130,0.4666702485851422,0.5235342117062547,0.49257647395945275,0.5700790647027206,0.41100723547532064,0.47592550818357277,0.40760869565217367,0.4823935828239989,0.5194867355054867,0.6176123165452434,0.029771365796072247,0.00012216270198959518,0.044174752490598344,0.05373653979078925
3.668358898162842,0.0034293174743652345,0.4834130816602643,0.5376084390631182,3.16227766017e-06,1.2,1214,"{'SVM__alpha': 3.1622776601683792e-06, 'SVM__gamma_frac': 1.2, 'SVM__n_iter': 1214}",82,0.5633551830360342,0.5793334503011922,0.49597034171502263,0.5340654964310878,0.41694426534852075,0.4999540483411452,0.4293478260869563,0.5084896328320527,0.5113300157433022,0.5661995674101126,0.1350648870764479,2.8539650008247692e-05,0.05422253112477731,0.031102217420727125
3.5910967350006104,0.003466081619262695,0.46380758245560855,0.49600237071668013,3.16227766017e-06,1.4,1214,"{'SVM__alpha': 3.1622776601683792e-06, 'SVM__gamma_frac': 1.4000000000000001, 'SVM__n_iter': 1214}",118,0.5840407622322517,0.6225906709777678,0.428478042839745,0.47431441517463024,0.44768608066480414,0.4786575431736722,0.33679183135704854,0.34689175004813455,0.5216523193802162,0.5575574742091959,0.029090614336458778,0.00019739597837812947,0.08415438887302427,0.09254060317851306
3.577351999282837,0.003507041931152344,0.4820706399847893,0.5301598451265419,3.16227766017e-06,1.6,1214,"{'SVM__alpha': 3.1622776601683792e-06, 'SVM__gamma_frac': 1.6000000000000001, 'SVM__n_iter': 1214}",87,0.5264166487570744,0.5832978252333091,0.5087667454688732,0.5553188348887274,0.5134142846908806,0.5995535726718523,0.3440382081686427,0.358829119230841,0.5168882694802834,0.5537998736079798,0.032361626915859525,0.00013092533057309906,0.06905129924435711,0.08739013411234096
3.587244749069214,0.0034167289733886717,0.4822970584220702,0.5163941549419443,3.16227766017e-06,1.8,1214,"{'SVM__alpha': 3.1622776601683792e-06, 'SVM__gamma_frac': 1.8, 'SVM__n_iter': 1214}",86,0.5941865463142059,0.6109913583031863,0.4886811376173079,0.514478949962821,0.4385342789598109,0.5040172889635255,0.4362648221343871,0.486559917932467,0.45294840842489553,0.4659232595477216,0.015820342925618132,7.027007332106385e-05,0.05917283836728568,0.050085683952922525
3.593576765060425,0.0033904075622558593,0.46351210315420127,0.47916372854973,3.16227766017e-06,2.0,1214,"{'SVM__alpha': 3.1622776601683792e-06, 'SVM__gamma_frac': 2.0, 'SVM__n_iter': 1214}",119,0.45219034314779,0.4447758533780039,0.5054176516942476,0.5027752016999328,0.5203990257181748,0.5943429330526104,0.3657773386034254,0.37926982594605746,0.4729689146037311,0.4746548286720454,0.027685785093477876,0.000153541609367222,0.05429459143514626,0.07071831266166398
3.210608196258545,0.003779172897338867,0.4656871130679664,0.7624036481236501,1e-06,0.2,1214,"{'SVM__alpha': 9.9999999999999995e-07, 'SVM__gamma_frac': 0.20000000000000001, 'SVM__n_iter': 1214}",113,0.4608227666738305,0.7594737003339154,0.46147646679561577,0.7791215156806555,0.4468891038039975,0.7640075973409306,0.4403310508638124,0.7496648807026618,0.5194503687123575,0.7597505465600874,0.04167017513049583,0.00045267301940843624,0.027924564083530168,0.009591240650806028
3.372881317138672,0.003429746627807617,0.446870300428315,0.6018711132647975,1e-06,0.4,1214,"{'SVM__alpha': 9.9999999999999995e-07, 'SVM__gamma_frac': 0.40000000000000002, 'SVM__n_iter': 1214}",143,0.48950497886668104,0.5936174538325076,0.44057597249086616,0.6593854174499335,0.403601619027151,0.5774285451704807,0.37730798493198964,0.47784438315284805,0.5238038257866373,0.7010797667182173,0.028092684213316794,0.00019046469866713326,0.05371098027658835,0.07641785644373045
3.452164363861084,0.003928661346435547,0.4450333898727113,0.5364113837017102,1e-06,0.6,1214,"{'SVM__alpha': 9.9999999999999995e-07, 'SVM__gamma_frac': 0.60000000000000009, 'SVM__n_iter': 1214}",148,0.5260405473171431,0.6343083439857633,0.4307256966831436,0.5201532835941438,0.41791138333691535,0.5468372726437242,0.3506258234519102,0.4028272062705349,0.49974425932573624,0.5779308120143845,0.022822035352849265,0.0010011845733633128,0.062245696329470926,0.07684456415332362
3.4978310108184814,0.0033968448638916015,0.45621036807679577,0.5484458429734652,1e-06,0.8,1214,"{'SVM__alpha': 9.9999999999999995e-07, 'SVM__gamma_frac': 0.80000000000000004, 'SVM__n_iter': 1214}",134,0.467404541872627,0.5647765217657691,0.4556468944766818,0.5330364577676405,0.4751952145569168,0.617158627911316,0.35499127836849803,0.4053257970044197,0.5278745603723961,0.6219318104181806,0.010672541116290951,0.00013489718991734377,0.05616026224624361,0.07887854208290326
3.541042852401733,0.0034696102142333985,0.43975954258994615,0.4794373146474511,1e-06,1.0,1214,"{'SVM__alpha': 9.9999999999999995e-07, 'SVM__gamma_frac': 1.0, 'SVM__n_iter': 1214}",158,0.5355594956658787,0.57105658180927,0.4170069489218426,0.4635143828692216,0.4379253528189699,0.488720956462892,0.3399209486166006,0.38648630183780835,0.4678271193041977,0.4874083502580634,0.023441945799335524,0.0001838406441925278,0.06394568772513338,0.059054625675021115
3.6868772983551024,0.0034232139587402344,0.41819052782886096,0.48218742384039903,1e-06,1.2,1214,"{'SVM__alpha': 9.9999999999999995e-07, 'SVM__gamma_frac': 1.2, 'SVM__n_iter': 1214}",170,0.4075596389426177,0.4628292854099306,0.3855039759295079,0.44917885778100836,0.39537216132960823,0.4647286206425991,0.4117259552042159,0.47381051206971825,0.49179518222109614,0.5603898432987385,0.11036480492427064,0.00020426125469901846,0.03772797754713139,0.03988710023514292
3.5632376194000246,0.0033921718597412108,0.46662409663190196,0.5206322431324745,1e-06,1.4,1214,"{'SVM__alpha': 9.9999999999999995e-07, 'SVM__gamma_frac': 1.4000000000000001, 'SVM__n_iter': 1214}",110,0.5438247725481768,0.6169748212758965,0.4008435418009887,0.43099035572153854,0.4628823697972635,0.5339192866074587,0.42276021080368886,0.47085231398956895,0.5029116896950586,0.5504244380679101,0.02217695368212865,0.00011051429232795083,0.05209555985330878,0.06459059078653193
3.6202643871307374,0.003438997268676758,0.48591987535986525,0.536606635070578,1e-06,1.6,1214,"{'SVM__alpha': 9.9999999999999995e-07, 'SVM__gamma_frac': 1.6000000000000001, 'SVM__n_iter': 1214}",80,0.5495468873128447,0.6189702372498072,0.4768339422594742,0.5159549729442202,0.5168618812235835,0.5919339521490059,0.3741788676724376,0.40819764397000174,0.5114684441816651,0.5479763690398554,0.025812724064231234,0.00017242021524143089,0.06030736673019235,0.0733341748076795
3.5846861362457276,0.003391408920288086,0.4638748676489869,0.5007052878473792,1e-06,1.8,1214,"{'SVM__alpha': 9.9999999999999995e-07, 'SVM__gamma_frac': 1.8, 'SVM__n_iter': 1214}",117,0.4485278315065549,0.4499725682521382,0.5415323447238342,0.6199059801210339,0.4539813023855578,0.5235968730592386,0.40275612833787955,0.43224609317387896,0.472105496547501,0.47780492463060614,0.019915209990271066,0.0001525528390679574,0.045120824295914866,0.06710845925867176
3.567817211151123,0.003464412689208984,0.5062854483880275,0.5304951015950345,1e-06,2.0,1214,"{'SVM__alpha': 9.9999999999999995e-07, 'SVM__gamma_frac': 2.0, 'SVM__n_iter': 1214}",41,0.5451679919765027,0.5728110996928202,0.552090049430475,0.5609249372690233,0.5255301239343794,0.5524350201769557,0.4535573122529642,0.5080823316117434,0.45381182648112567,0.45822211922463,0.012856271785856615,0.00020927672874973443,0.04357315925074244,0.04224617109413775
3.163355588912964,0.003426361083984375,0.46324882265790546,0.7503322163811241,3.16227766017e-07,0.2,1214,"{'SVM__alpha': 3.1622776601683792e-07, 'SVM__gamma_frac': 0.20000000000000001, 'SVM__n_iter': 1214}",122,0.4700820259330898,0.7699687807214689,0.4819113116985458,0.7764256850278356,0.44310122501611876,0.7673007995588641,0.4168568724600566,0.7174340617669169,0.5044414412512055,0.7205317548305353,0.031873230712427696,0.0001712037583085328,0.03042011798293579,0.025786634777797968
3.4162920475006104,0.0034067630767822266,0.44548912718826883,0.6098013428044398,3.16227766017e-07,0.4,1214,"{'SVM__alpha': 3.1622776601683792e-07, 'SVM__gamma_frac': 0.40000000000000002, 'SVM__n_iter': 1214}",146,0.4752578981302386,0.6118727946684935,0.453076867970485,0.6167422780326006,0.4104430833154239,0.6264269382548953,0.3703098034849411,0.5172916779803437,0.5186925316684381,0.6766730250858658,0.012125753831886925,0.0001346755625220717,0.051212749012719196,0.0516889502616631
3.617254114151001,0.0035686492919921875,0.4234836627811261,0.5154384931209763,3.16227766017e-07,0.6,1214,"{'SVM__alpha': 3.1622776601683792e-07, 'SVM__gamma_frac': 0.60000000000000009, 'SVM__n_iter': 1214}",167,0.41629056522673547,0.5138523364329816,0.5056504763951573,0.5891336859078795,0.36349308689734233,0.5220804683170274,0.3506258234519103,0.42215115242374934,0.48149516790900326,0.5299748225232443,0.1172684761831803,0.0003440239818195471,0.06175378252284466,0.053649689606361
3.5317577362060546,0.003464937210083008,0.4299518729916206,0.4799430996692494,3.16227766017e-07,0.8,1214,"{'SVM__alpha': 3.1622776601683792e-07, 'SVM__gamma_frac': 0.80000000000000004, 'SVM__n_iter': 1214}",165,0.47064617809298664,0.5569229655251161,0.4354001002937174,0.4866642716105082,0.3823877068557921,0.43744169012986217,0.3437088274044794,0.3804368754153547,0.5180602187169326,0.5382496956654059,0.03266526043164392,0.00013771359276560933,0.061736038971987005,0.06492856307390656
3.5764048099517822,0.0033524036407470703,0.43201919952049433,0.4772681145225344,3.16227766017e-07,1.0,1214,"{'SVM__alpha': 3.1622776601683792e-07, 'SVM__gamma_frac': 1.0, 'SVM__n_iter': 1214}",163,0.41774124220932735,0.45104198867639733,0.44634286123647837,0.4851241948016142,0.40343147789956313,0.4658008260158798,0.40826745718050045,0.46346472840973085,0.4848491247334081,0.5209088347090499,0.024828355697171827,9.957554168248807e-05,0.030191219299499195,0.02439701746738932
3.5364978313446045,0.0033789634704589843,0.45776328235739466,0.4915048974601435,3.16227766017e-07,1.2,1214,"{'SVM__alpha': 3.1622776601683792e-07, 'SVM__gamma_frac': 1.2, 'SVM__n_iter': 1214}",132,0.5569614585572034,0.5849103107167622,0.4459846693889248,0.48155946005408373,0.4337792821835376,0.5148423858101278,0.3582015810276678,0.3752954451184964,0.4934445922578618,0.5009168856012473,0.018695006518845654,0.00012649507516798684,0.06592524368679159,0.0677662801806873
3.575460910797119,0.0034023284912109374,0.4809624452498925,0.54444356001336,3.16227766017e-07,1.4,1214,"{'SVM__alpha': 3.1622776601683792e-07, 'SVM__gamma_frac': 1.4000000000000001, 'SVM__n_iter': 1214}",89,0.5666147288487715,0.6216758152242023,0.4617092914965256,0.5103989996463115,0.4543215846407337,0.5444686735009315,0.4356060606060604,0.5258847994381232,0.48619821544626757,0.5197895122572311,0.025117510097849693,0.00013060504478634035,0.045895431907907625,0.04018980873573796
3.565712594985962,0.0036535739898681642,0.478273616351125,0.508644700234135,3.16227766017e-07,1.6,1214,"{'SVM__alpha': 3.1622776601683792e-07, 'SVM__gamma_frac': 1.6000000000000001, 'SVM__n_iter': 1214}",94,0.5662386274088402,0.6197486305013187,0.5076563507414573,0.5530574562832627,0.41929937674618534,0.44922759438888477,0.37648221343873495,0.38317769164254106,0.5213320569762068,0.5380121283546678,0.01747279088609222,0.0004052277197746036,0.06969218904844211,0.083007692133992
3.5888805866241453,0.0033694744110107423,0.48748621072774545,0.4901840050295026,3.16227766017e-07,1.8,1214,"{'SVM__alpha': 3.1622776601683792e-07, 'SVM__gamma_frac': 1.8, 'SVM__n_iter': 1214}",75,0.5738591589655421,0.5621057556541427,0.51071889103804,0.48812636984679986,0.48735582778135983,0.5356584872713904,0.39097496706192336,0.38039520392461573,0.47338537304117906,0.4846342084505643,0.010093361981441387,0.00010968525439733414,0.05916925483590234,0.06217601097005466
3.5808363914489747,0.003381013870239258,0.4203020117426428,0.4532954070061065,3.16227766017e-07,2.0,1214,"{'SVM__alpha': 3.1622776601683792e-07, 'SVM__gamma_frac': 2.0, 'SVM__n_iter': 1214}",168,0.4541693531055233,0.4697582385754429,0.36820330969267145,0.41980878540018324,0.4275288344437282,0.487463551979681,0.4010210803689062,0.44361005910503765,0.4508438269128347,0.4458363999701877,0.01701376916012676,8.57855095108032e-05,0.03233014667322899,0.023277815751141493
3.1652029037475584,0.0034283161163330077,0.4751558395003684,0.7618083084361373,1e-07,0.2,1214,"{'SVM__alpha': 9.9999999999999995e-08, 'SVM__gamma_frac': 0.20000000000000001, 'SVM__n_iter': 1214}",100,0.4602765241063114,0.7858778020068342,0.46984920123218,0.7287710298462985,0.4600436994054016,0.7920576038855609,0.44428825919946535,0.7456874917420112,0.5419919148407019,0.7566476146999819,0.03554725831776793,0.00010482217011034404,0.034211474526489725,0.023968043988957338
3.3993216037750242,0.003412199020385742,0.44138505926343113,0.6410307364827312,1e-07,0.4,1214,"{'SVM__alpha': 9.9999999999999995e-08, 'SVM__gamma_frac': 0.40000000000000002, 'SVM__n_iter': 1214}",156,0.4419460563077584,0.6565837587342964,0.4417759151801705,0.6517908614682807,0.423257396661652,0.6510695596717103,0.386876264172651,0.5505621254066975,0.5135894494067521,0.6951473771326712,0.02196467466941974,0.0001796371836790528,0.04111038850269445,0.04810745295095824
3.448213529586792,0.003521442413330078,0.43777358075007455,0.5350843277768965,1e-07,0.6,1214,"{'SVM__alpha': 9.9999999999999995e-08, 'SVM__gamma_frac': 0.60000000000000009, 'SVM__n_iter': 1214}",159,0.47599219141772336,0.5825096846602223,0.4575363564725268,0.5930061575222866,0.40955655849272876,0.4948910110200433,0.354413702239789,0.43136193207929224,0.49134001074580086,0.5736528536026384,0.041649867161648965,0.00016695266747124694,0.04983356892013062,0.06239466660236727
3.546763229370117,0.003414297103881836,0.44487945387137273,0.5254514850016309,1e-07,0.8,1214,"{'SVM__alpha': 9.9999999999999995e-08, 'SVM__gamma_frac': 0.80000000000000004, 'SVM__n_iter': 1214}",149,0.41460706354323384,0.493618289317214,0.4046941041621893,0.502967363182417,0.4402804642166346,0.5291166420198679,0.4436782089109093,0.5678733650995728,0.5222470924162333,0.5336817653890824,0.03023315732262822,0.00023874877952136879,0.04121624553455254,0.026075562827030926
3.531925821304321,0.003564262390136719,0.4506716182799983,0.512094150050503,1e-07,1.0,1214,"{'SVM__alpha': 9.9999999999999995e-08, 'SVM__gamma_frac': 1.0, 'SVM__n_iter': 1214}",139,0.49306003295365,0.5846735900499341,0.3955602120495738,0.4419755871368775,0.45122322515939545,0.5235509214003837,0.4051383399209484,0.42874954544012417,0.5087784746124591,0.5815211062251952,0.017932228284876967,0.00020254825656068197,0.04530928791955495,0.0664561072390033
3.5667358875274657,0.0036463260650634764,0.44201397188174424,0.510141277451447,1e-07,1.2,1214,"{'SVM__alpha': 9.9999999999999995e-08, 'SVM__gamma_frac': 1.2, 'SVM__n_iter': 1214}",153,0.4878214771831793,0.5785522721006592,0.36146930295866475,0.4068559875011488,0.5177484060462785,0.6204044859958838,0.3852131232719106,0.4112223571812285,0.45749308444369374,0.5336712844783146,0.052398072288635696,0.00042025818883413644,0.05973097812417125,0.08699943044139537
3.4554131031036377,0.003374958038330078,0.469960376276767,0.4933395892719453,1e-07,1.4,1214,"{'SVM__alpha': 9.9999999999999995e-08, 'SVM__gamma_frac': 1.4000000000000001, 'SVM__n_iter': 1214}",106,0.5508184683716599,0.5444046196734369,0.4481338204742461,0.45056854734274093,0.4384089118131672,0.48090638950854003,0.43626482213438716,0.5193386948528029,0.47593691417202205,0.4714796949822057,0.017020455876409286,0.00010439887595207511,0.04292798298982831,0.03389805977732334
3.802471923828125,0.0038959503173828123,0.48330319243699543,0.5040675331519541,1e-07,1.6,1214,"{'SVM__alpha': 9.9999999999999995e-08, 'SVM__gamma_frac': 1.6000000000000001, 'SVM__n_iter': 1214}",83,0.5402428540726413,0.5689873646862894,0.4857797836521241,0.4827179988470311,0.5218317931083889,0.6044328033575346,0.37648221343873495,0.38060697649411196,0.4912625846701063,0.48359252237480355,0.09276635535937346,0.0006089229068414164,0.05687486708329227,0.0779811640353123
3.592933416366577,0.0034416675567626952,0.46643189932556445,0.5076277341306228,1e-07,1.8,1214,"{'SVM__alpha': 9.9999999999999995e-08, 'SVM__gamma_frac': 1.8, 'SVM__n_iter': 1214}",111,0.5518840891181317,0.5996371211424975,0.3790833870621105,0.42561540411002774,0.4881975786231106,0.5449866740189321,0.4356060606060604,0.49892083225416567,0.4772472918470343,0.46897863912749144,0.04293925315464085,0.0001319072071848363,0.057518388592967686,0.06026110295727014
3.604110860824585,0.003385114669799805,0.4423864009718512,0.4605132215634599,1e-07,2.0,1214,"{'SVM__alpha': 9.9999999999999995e-08, 'SVM__gamma_frac': 2.0, 'SVM__n_iter': 1214}",152,0.4556200300881152,0.4621051986643384,0.47601010101010105,0.5045895959874453,0.4134071208539295,0.4161159429976634,0.4044795783926217,0.44494720965309204,0.46233807978639796,0.47480816051476027,0.018975306797750578,0.00012990539033440131,0.028213657451514808,0.029539890060449214
3.1597811222076415,0.0033629417419433595,0.46329426859438977,0.7412164129019007,3.16227766017e-08,0.2,1214,"{'SVM__alpha': 3.1622776601683792e-08, 'SVM__gamma_frac': 0.20000000000000001, 'SVM__n_iter': 1214}",121,0.442913174296153,0.7511397403870523,0.4796367934665808,0.7605737551974111,0.4155562719392507,0.7364268547064247,0.4440284659206887,0.7295471413118474,0.5351924976478898,0.7283945729067679,0.01819226863373341,9.979398606707378e-05,0.04114436990037411,0.012622919449431546
3.349664735794067,0.0034438133239746093,0.4729011996287999,0.6586904593860287,3.16227766017e-08,0.4,1214,"{'SVM__alpha': 3.1622776601683792e-08, 'SVM__gamma_frac': 0.40000000000000002, 'SVM__n_iter': 1214}",103,0.4945375743248084,0.6659035906347736,0.4697865176588581,0.6696897288295137,0.4299287198223369,0.6763958860733054,0.42787257139675977,0.5897249216235347,0.5429609139092426,0.6917381697690163,0.02836610611830226,0.00016563167772236785,0.04292830325408063,0.03559463972372339
3.469718837738037,0.0033910274505615234,0.45984773579914096,0.557248772445815,3.16227766017e-08,0.6,1214,"{'SVM__alpha': 3.1622776601683792e-08, 'SVM__gamma_frac': 0.60000000000000009, 'SVM__n_iter': 1214}",129,0.5260405473171431,0.6117460794880151,0.46612400601762305,0.5627267992859392,0.41758005587792835,0.5958830098615044,0.38619894598155446,0.4567713668622325,0.5032120090189647,0.5591166067313844,0.024387895901956513,0.0001389408075569734,0.05195687935025362,0.05402178707027543
3.517243242263794,0.0034704208374023438,0.44657428745878425,0.5312386833976095,3.16227766017e-08,0.8,1214,"{'SVM__alpha': 3.1622776601683792e-08, 'SVM__gamma_frac': 0.80000000000000004, 'SVM__n_iter': 1214}",144,0.47197148792893473,0.5623633634386322,0.42906905938820844,0.5283688832075928,0.45333655705996145,0.5720173892216903,0.4148550724637679,0.5098400014708002,0.4635792432422287,0.48360377964933204,0.02465746457864209,8.92935351194887e-05,0.021399090654893503,0.0327623929308773
3.5712708473205566,0.003393220901489258,0.4199779158218975,0.4731593381249743,3.16227766017e-08,1.0,1214,"{'SVM__alpha': 3.1622776601683792e-08, 'SVM__gamma_frac': 1.0, 'SVM__n_iter': 1214}",169,0.37739988537860886,0.4231980683593587,0.41909341643384207,0.4907511842995713,0.4024643599111685,0.47483520064165224,0.39789196310935415,0.43219780379034334,0.5040449258938606,0.5448144335339459,0.053608439523023514,0.00010153254990953702,0.04385147254879465,0.043865043113427066
3.55762939453125,0.003519916534423828,0.4615989672770069,0.49783012777210256,3.16227766017e-08,1.2,1214,"{'SVM__alpha': 3.1622776601683792e-08, 'SVM__gamma_frac': 1.2, 'SVM__n_iter': 1214}",128,0.5407890966401604,0.5649658982992317,0.4363493086897343,0.49592701205604434,0.4938391002220791,0.5612981204379054,0.36198945981554653,0.37918908411495694,0.4742487910974091,0.4877705239523748,0.019166085647944902,0.00023420315144526195,0.06003163151643481,0.06740313419388311
3.551301622390747,0.003362083435058594,0.5106776996539134,0.5516377263029583,3.16227766017e-08,1.4,1214,"{'SVM__alpha': 3.1622776601683792e-08, 'SVM__gamma_frac': 1.4000000000000001, 'SVM__n_iter': 1214}",31,0.5440128232681425,0.5923823289414687,0.5591643384196577,0.6040429104945234,0.5277867325739667,0.5949932186491327,0.44071146245059273,0.4830745887656457,0.480601248671439,0.4836955846640208,0.017378743321955444,7.835605473463044e-05,0.04368169554649018,0.055862622799770244
3.555274724960327,0.0033994197845458986,0.5053978518985278,0.5491146183853794,3.16227766017e-08,1.6,1214,"{'SVM__alpha': 3.1622776601683792e-08, 'SVM__gamma_frac': 1.6000000000000001, 'SVM__n_iter': 1214}",45,0.5615463142058887,0.6190356835518126,0.5217870191274447,0.5513697771762288,0.4212783867039187,0.4622736880801397,0.4557006068028724,0.5240499798127728,0.567090867711684,0.5888439633059432,0.020790145198637488,0.00012188366314483413,0.05792270754089464,0.054114776588382166
3.9609664916992187,0.003869771957397461,0.5034876221692145,0.5325421796219263,3.16227766017e-08,1.8,1214,"{'SVM__alpha': 3.1622776601683792e-08, 'SVM__gamma_frac': 1.8, 'SVM__n_iter': 1214}",50,0.5845690952073932,0.6147440771096686,0.49054373522458644,0.5208063541396875,0.5461351099648972,0.5851177894188647,0.4262187088274043,0.4644382487519743,0.4687210385417621,0.4776044286894359,0.6622139029070808,0.0010235440832949978,0.05610810292447617,0.058847902551092394
4.244766426086426,0.0038764476776123047,0.4644375149623908,0.4828632297359639,3.16227766017e-08,2.0,1214,"{'SVM__alpha': 3.1622776601683792e-08, 'SVM__gamma_frac': 2.0, 'SVM__n_iter': 1214}",116,0.5580270793036751,0.5971250971250971,0.44139981374023934,0.44225686698804983,0.5175782649186905,0.5689901496353109,0.3657773386034254,0.3688671531808787,0.43806969754559344,0.4370768817504829,0.8882751807741108,0.0010768109812538968,0.06715292442258539,0.08627165525016428
3.04113883972168,0.003359222412109375,0.4629109185647722,0.725070775024976,1e-08,0.2,1214,"{'SVM__alpha': 1e-08, 'SVM__gamma_frac': 0.20000000000000001, 'SVM__n_iter': 1214}",124,0.44388029228454756,0.7308137899535749,0.4701447095064117,0.7222960233712923,0.4629898273515296,0.7675124556844987,0.43554807103490484,0.6930123563313425,0.5022981467012974,0.7117192497841709,0.017269098808298203,0.00010000465524141047,0.023228834293473055,0.024690010772807677
4.254278993606567,0.004374027252197266,0.44646763552318314,0.6083398305583245,1e-08,0.4,1214,"{'SVM__alpha': 1e-08, 'SVM__gamma_frac': 0.40000000000000002, 'SVM__n_iter': 1214}",145,0.4791711440647611,0.5764092538286086,0.43588365928791467,0.6528338248768356,0.4304122788165342,0.5961684671362091,0.3680876431182614,0.5259783346823041,0.5190784889245519,0.6903092722676655,0.9441966068690478,0.001248001390728988,0.050558976525055074,0.05770584844768846
13.631771755218505,0.005711603164672852,0.44120648060438394,0.5605738958861404,1e-08,0.6,1214,"{'SVM__alpha': 1e-08, 'SVM__gamma_frac': 0.60000000000000009, 'SVM__n_iter': 1214}",157,0.4391879790815962,0.5140458903899764,0.44423848413210126,0.5898452403828748,0.44660255032595464,0.6176668811077414,0.39624505928853737,0.5019709730374484,0.4798844709100849,0.579340494512661,15.013889447989031,2.2004575360669435e-05,0.02659236605029346,0.044872627861604425
3.7752971172332765,0.0035151004791259765,0.46263457308819195,0.5564943368695239,1e-08,0.8,1214,"{'SVM__alpha': 1e-08, 'SVM__gamma_frac': 0.80000000000000004, 'SVM__n_iter': 1214}",125,0.4556468944766817,0.5309923051858536,0.5310731427752705,0.632730670365079,0.4606973995271869,0.6188922586772049,0.3536760748946908,0.4287912169308631,0.511738262324237,0.5710652331886192,0.4455018627549166,0.0003225860855988853,0.06158164787448656,0.0733160700970363
3.567262125015259,0.003606224060058594,0.4252174406525481,0.4805258205702314,1e-08,1.0,1214,"{'SVM__alpha': 1e-08, 'SVM__gamma_frac': 1.0, 'SVM__n_iter': 1214}",166,0.3849756429543664,0.4299529622110267,0.4818038541442798,0.5461326805412828,0.3995182319650405,0.44804677600376525,0.34683794466403145,0.3814312226555174,0.5134733102932103,0.5970654614395647,0.05378949634927161,0.00039969458257693615,0.062185986163317414,0.07914289563020027
3.820037508010864,0.004010152816772461,0.4692324394211146,0.5197906935452445,1e-08,1.2,1214,"{'SVM__alpha': 1e-08, 'SVM__gamma_frac': 1.2, 'SVM__n_iter': 1214}",107,0.5282523819757863,0.5677202128815032,0.5029371731499392,0.5864058283413122,0.4347464001719321,0.49726239511185755,0.4019280372617786,0.43582738178625324,0.477771677541511,0.5117376496052967,0.09155807174291544,0.00041193284010271076,0.04564416807273867,0.05358549892693563
3.835150623321533,0.003910541534423828,0.5000491305273075,0.5385036302382725,1e-08,1.4,1214,"{'SVM__alpha': 1e-08, 'SVM__gamma_frac': 1.4000000000000001, 'SVM__n_iter': 1214}",58,0.6049591661293788,0.6041264589651686,0.5372609069417581,0.5953858964611652,0.4671985815602838,0.5427197255154245,0.39064558629776,0.38783206980241897,0.4991107732518718,0.5624540004471855,0.0556535040317599,0.00038569276482141706,0.07134042837088794,0.07853058344043633
3.673109197616577,0.0035512447357177734,0.4995555070791066,0.5376976593844006,1e-08,1.6,1214,"{'SVM__alpha': 1e-08, 'SVM__gamma_frac': 1.6000000000000001, 'SVM__n_iter': 1214}",59,0.5966491152661366,0.616083637589014,0.48990794469517884,0.5158407900343385,0.47719213410702777,0.5504507439991311,0.4189723320158101,0.4633717770972674,0.5144939267455475,0.5427413482022521,0.07964752553809253,0.0001389138030337313,0.057882851628620204,0.049667899208084856
3.6151464939117433,0.003365325927734375,0.48133685260021764,0.51940224876725,1e-08,1.8,1214,"{'SVM__alpha': 1e-08, 'SVM__gamma_frac': 1.8, 'SVM__n_iter': 1214}",88,0.5118113761730783,0.5317442414216608,0.49973135611433483,0.5117246353805495,0.49784189411849,0.6134365435440704,0.45924029022620544,0.5039759114364567,0.43720627948936336,0.43612991205351326,0.029968732738022395,0.00014189174019095998,0.028147580458665368,0.05696660963999964
3.5899492263793946,0.0036316394805908205,0.44870851618691043,0.4633431076517615,1e-08,2.0,1214,"{'SVM__alpha': 1e-08, 'SVM__gamma_frac': 2.0, 'SVM__n_iter': 1214}",141,0.5307955440934164,0.5303977185697615,0.424537932516656,0.43616618347801145,0.4720789454832009,0.5349719973375887,0.3657773386034254,0.3733818831858048,0.4495639504191567,0.4417977556876409,0.028750084467913564,0.000455754021214477,0.054317198465206974,0.06151882311814265
3.159944486618042,0.0034196853637695314,0.45502339938053543,0.7443595270163821,3.16227766017e-09,0.2,1214,"{'SVM__alpha': 3.1622776601683795e-09, 'SVM__gamma_frac': 0.20000000000000001, 'SVM__n_iter': 1214}",135,0.43714628555054086,0.7228098464657604,0.4657479045776919,0.7441717979352388,0.4401371874776131,0.7911524954535708,0.43818775631390433,0.7451729948143148,0.4943044909470149,0.7184905004130254,0.015573377037455498,7.210645043225926e-05,0.022223759679585255,0.02578322763530174
3.3698497772216798,0.0034218311309814455,0.4533054432503872,0.6615745661278745,3.16227766017e-09,0.4,1214,"{'SVM__alpha': 3.1622776601683795e-09, 'SVM__gamma_frac': 0.40000000000000002, 'SVM__n_iter': 1214}",138,0.44688910380399743,0.6728060867845814,0.4549931943548966,0.6538809657089227,0.43273157102944343,0.6874228917239671,0.42237052088552374,0.5965214621360007,0.5100665629626502,0.6972414242859007,0.011963720497381753,0.00027480495691328594,0.03037248553978903,0.035658114334979805
3.4798762798309326,0.0034331321716308595,0.44903147275296224,0.5667686272128699,3.16227766017e-09,0.6,1214,"{'SVM__alpha': 3.1622776601683795e-09, 'SVM__gamma_frac': 0.60000000000000009, 'SVM__n_iter': 1214}",140,0.428200444157891,0.5376065591119354,0.406377605845691,0.4921130243710889,0.42269324450175527,0.6080532370854952,0.45661684202712965,0.6147250556624063,0.5325529723401211,0.5813452598334233,0.020935811766019406,0.00013759950665931313,0.04455707562414485,0.04613155430314101
3.5898484230041503,0.003607511520385742,0.44139686633979874,0.5352856835867742,3.16227766017e-09,0.8,1214,"{'SVM__alpha': 3.1622776601683795e-09, 'SVM__gamma_frac': 0.80000000000000004, 'SVM__n_iter': 1214}",155,0.40738949781502976,0.4889423599101018,0.48814384984597764,0.5885502390878735,0.4061716455333478,0.5493019525277589,0.3975625823451908,0.45437636207602733,0.5082623007744955,0.5952575043321098,0.08809973006807577,0.0005152086369031936,0.04678576519194423,0.05536101499791454
3.55598669052124,0.0036880016326904298,0.44533473349935854,0.5001222121743443,3.16227766017e-09,1.0,1214,"{'SVM__alpha': 3.1622776601683795e-09, 'SVM__gamma_frac': 1.0, 'SVM__n_iter': 1214}",147,0.38316677412422095,0.44343072300061553,0.5588330109606706,0.6050886588520998,0.4067357976932446,0.4964617222681739,0.38339920948616585,0.4158985708483557,0.4946552545323583,0.5397313859024763,0.026852832187505386,0.0003990511863910624,0.07007339586173274,0.06768720331181721
3.568800687789917,0.003581666946411133,0.44182183740566905,0.4748317351738697,3.16227766017e-09,1.2,1214,"{'SVM__alpha': 3.1622776601683795e-09, 'SVM__gamma_frac': 1.2, 'SVM__n_iter': 1214}",154,0.43571351816032666,0.475266867739986,0.4726699620316642,0.5011613237419689,0.4563185041908447,0.5444046196734369,0.35128458498023696,0.3540218748253182,0.4929894207825665,0.4993039898886384,0.042706820509704535,0.00016068864637604143,0.04889744004966137,0.06438592461146553
3.54779634475708,0.003443336486816406,0.5004803334788392,0.5619078541956544,3.16227766017e-09,1.4,1214,"{'SVM__alpha': 3.1622776601683795e-09, 'SVM__gamma_frac': 1.4000000000000001, 'SVM__n_iter': 1214}",56,0.5814528261336772,0.6227856174092733,0.4777025574897916,0.5004678714356133,0.5036535568450463,0.6296672264414199,0.4425230566534912,0.5228610948362264,0.4964513048640001,0.5337574608557392,0.026630337948692982,0.00013189841581995519,0.04577914742459537,0.05364587612156751
3.611481237411499,0.003499412536621094,0.5023949903731363,0.5555975241422473,3.16227766017e-09,1.6,1214,"{'SVM__alpha': 3.1622776601683795e-09, 'SVM__gamma_frac': 1.6000000000000001, 'SVM__n_iter': 1214}",52,0.49030195572748764,0.5365246064170794,0.5430009312988038,0.5852291873797251,0.533661078873845,0.613637059873619,0.4393939393939392,0.5112817465758642,0.5050467723884537,0.5313150204649487,0.02266968021597466,0.00023546103959635542,0.03672312666476375,0.03785215315100226
3.6590522289276124,0.0037323474884033204,0.45719806403104674,0.4996501388669822,3.16227766017e-09,1.8,1214,"{'SVM__alpha': 3.1622776601683795e-09, 'SVM__gamma_frac': 1.8, 'SVM__n_iter': 1214}",133,0.5339565871480766,0.6018344459204674,0.40576867970485,0.4523871190537858,0.45751844688014914,0.5237667549495506,0.4189723320158101,0.4644382487519743,0.4695844565979922,0.4558241256591329,0.13419434390558369,0.00041078065734602957,0.045131902574752115,0.057302065338526
3.8091499328613283,0.0034427642822265625,0.4437421315410707,0.47200696065357983,3.16227766017e-09,2.0,1214,"{'SVM__alpha': 3.1622776601683795e-09, 'SVM__gamma_frac': 2.0, 'SVM__n_iter': 1214}",151,0.5183125582061753,0.5335252163209152,0.40265241063113405,0.43416102018252556,0.4438176087112258,0.5163991723131508,0.4044795783926217,0.4432814824971688,0.4491474919817087,0.4326679119541387,0.03162453662251872,0.00015207973444801142,0.04206496970931853,0.04372686426994239
3.2710773944854736,0.0037247180938720704,0.48021518801011115,0.7679622440305707,1e-09,0.2,1214,"{'SVM__alpha': 1.0000000000000001e-09, 'SVM__gamma_frac': 0.20000000000000001, 'SVM__n_iter': 1214}",91,0.47969947703990257,0.7522175156583759,0.47566086395873636,0.7785032569978807,0.4616645175155814,0.7952087737033973,0.4387560541112284,0.7262319132237832,0.545845621790044,0.7876497605694162,0.07613227015210541,0.00020225825868710654,0.03561729460555899,0.025418110165056098
3.575851011276245,0.003429746627807617,0.4440285439169905,0.6318513325008134,1e-09,0.4,1214,"{'SVM__alpha': 1.0000000000000001e-09, 'SVM__gamma_frac': 0.40000000000000002, 'SVM__n_iter': 1214}",150,0.4424922988752777,0.6721195968507796,0.43925066265491797,0.6378285195489497,0.4119564438713376,0.6399464732798066,0.397910519772124,0.5418414060212244,0.5293233664857713,0.6675206668033067,0.039596387411509254,0.0001715227467993477,0.04556324084616065,0.047110252509284904
3.62363600730896,0.003483152389526367,0.43612462093875093,0.544429863154312,1e-09,0.6,1214,"{'SVM__alpha': 1.0000000000000001e-09, 'SVM__gamma_frac': 0.60000000000000009, 'SVM__n_iter': 1214}",160,0.4884751773049646,0.6470299911160126,0.44592198581560294,0.5335001517797217,0.39337524177949723,0.5303517669109067,0.3332521479337154,0.430125359345828,0.5198175560107272,0.5811420466190911,0.025429681862500685,0.0002494608855506416,0.06656514897743995,0.07107424519188803
3.675472116470337,0.0036287307739257812,0.46192930569584084,0.5482213654297162,1e-09,0.8,1214,"{'SVM__alpha': 1.0000000000000001e-09, 'SVM__gamma_frac': 0.80000000000000004, 'SVM__n_iter': 1214}",126,0.43421806719679057,0.5377708711042044,0.5269449817322158,0.5924867645297753,0.48212622680707795,0.6396053170246718,0.3509552042160736,0.3852441198208775,0.5151004310051548,0.5859997546690516,0.10486857981879254,0.0001822593630983731,0.06400669145302178,0.08764525575067568
3.7379331588745117,0.004028034210205078,0.4744502551809193,0.5349009976194838,1e-09,1.0,1214,"{'SVM__alpha': 1.0000000000000001e-09, 'SVM__gamma_frac': 1.0, 'SVM__n_iter': 1214}",101,0.5744054015330612,0.6146424264703835,0.4478383122000144,0.4947127742826667,0.4683000214915109,0.6067986175513057,0.39031620553359664,0.4363032153563,0.4908156250513242,0.5220479544367637,0.06650503468792004,0.0007325185305923401,0.060164067909429256,0.06786719370695796
3.783181571960449,0.003459453582763672,0.4324448198197408,0.47658423752619694,1e-09,1.2,1214,"{'SVM__alpha': 1.0000000000000001e-09, 'SVM__gamma_frac': 1.2, 'SVM__n_iter': 1214}",162,0.44522351171287344,0.4783581611538601,0.41022816820689173,0.44808715776457714,0.5002417794970987,0.6083275545641137,0.3471673254281948,0.37197821750667287,0.45892312059932483,0.4761700966417609,0.10048102338862838,0.00017823309339130242,0.05140047909627248,0.07630743460650107
3.883542013168335,0.0034333229064941405,0.45792636239821866,0.49703830481173095,1e-09,1.4,1214,"{'SVM__alpha': 1.0000000000000001e-09, 'SVM__gamma_frac': 1.4000000000000001, 'SVM__n_iter': 1214}",131,0.5101278744895766,0.5588612900440858,0.4736997635933806,0.525004664789611,0.4854215918045706,0.5824525932052813,0.34057971014492733,0.3445688696764738,0.4789741279594945,0.4743041063432025,0.1313359857692871,0.00020681288962689194,0.059816368685330155,0.08445539874478097
3.879358148574829,0.0033407688140869142,0.47232044647508276,0.5269474721118479,1e-09,1.6,1214,"{'SVM__alpha': 1.0000000000000001e-09, 'SVM__gamma_frac': 1.6000000000000001, 'SVM__n_iter': 1214}",104,0.5447918905365714,0.6124826985042039,0.46213016691740105,0.4982064928301488,0.4881169854574111,0.5989213892439699,0.36981341275584984,0.38873705779492485,0.4961040606457335,0.536389722185992,0.02473769951625606,0.00011902627247460541,0.057705365314449475,0.08063973995930594
3.848785734176636,0.003918218612670899,0.46685092864983435,0.5050119471951324,1e-09,1.8,1214,"{'SVM__alpha': 1.0000000000000001e-09, 'SVM__gamma_frac': 1.8, 'SVM__n_iter': 1214}",109,0.5866107887384484,0.5916749518900057,0.3538935453829071,0.3959793690976487,0.4819739952718677,0.5664836955159535,0.45133515188628454,0.5090091551114986,0.46019478523648977,0.4619125643605558,0.023806417126166015,0.0010277467342250264,0.07449378336894345,0.07078261055201898
3.834626626968384,0.0034381389617919923,0.46495591622267635,0.4965711885666453,1e-09,2.0,1214,"{'SVM__alpha': 1.0000000000000001e-09, 'SVM__gamma_frac': 2.0, 'SVM__n_iter': 1214}",114,0.5432516655920911,0.5546894364098665,0.4228992048140985,0.45532524027147675,0.49005122143420016,0.5694120694120693,0.4441699604743081,0.48096348096348107,0.42360744510373927,0.4224657157763327,0.11533936167674666,0.0001377497957959177,0.04624548222905215,0.05678023342603074
